[
  {"rank": 1,
  "name": "Jones Bar-B-Q",
  "Season": 3,
  "episode": 3,
  "image": "https://media.vanityfair.com/photos/5c92a7a1e0681328ab690848/master/pass/queer-eye-jones-sisters-barbecue-sauce.jpg"
  },

  {"rank": 2,
  "name": "Hunter to Huntee",
  "Season": 3,
  "episode": 1,
  "image": "https://imgix.bustle.com/uploads/image/2019/3/14/97dfa3c3-889a-4c92-ac45-46cbcf1a3d94-jodi.jpg?w=970&h=546&fit=crop&crop=faces&auto=format&q=70"},

  {"rank": 3,
  "name": "You Can't Fix Ugly",
  "Season": 1,
  "episode": 1,
  "image": "https://s3.r29static.com//bin/entry/20e/0,3,3561,1870/x,80/1965040/image.jpg"},

  {"rank": 4,
  "name": "Saving Sasquatch",
  "Season": 1,
  "episode": 2,
  "image": "https://www.michigandaily.com/sites/default/files/styles/large/public/180808/queereye2a.jpg?itok=1MA6-H5T"},

  {"rank": 5,
  "name": "Hose Before Bros",
  "Season": 1,
  "episode": 8,
  "image": "https://anvil-prod-covingtonnews.s3.amazonaws.com/media/images/2018/03/20/images/0325Queer_Eye6.original.jpg"},

  {"rank": 6,
  "name": "Camp Rules",
  "Season": 1,
  "episode": 5,
  "image": "https://pixel.nymag.com/imgs/daily/vulture/2018/02/06/queer-eye/QEYE_SG_105.w600.h315.2x.jpeg"},

  {"rank": 7,
  "name": "To Gay or Not Too Gay ",
  "Season": 2,
  "episode": 2,
  "image": "https://images.playpilot.com/media/img/a4972e0a0c8611e8a24a068a8193e514.jpeg?body=.eJwly0EKwyAQBdC7_LULxxpjvEwZ7EQMlYhRaCi9ewPZv_dFbHtFwFG4dSiMekR-C0JvQxQ-CEROK5wIbjIKuaTnGPl1FbbLbESzjt4RiWdjWTvPnpaHTGRx63VvhfvltyoJvz-smCG5.4oGtQT1y16lRuexkQ9o4-NF8SvA"},

  {"rank": 8,
  "name": "A Decent Proposal",
  "Season": 2,
  "episode": 2,
  "image": "https://tv-fanatic-res.cloudinary.com/iu/s--Cg3EdAD3--/t_teaser_wide/cs_srgb,f_auto,fl_strip_profile.lossy,q_auto:420/v1529257800/tan-goes-shopping-queer-eye-s2e2.jpg"},

  {"rank": 9,
  "name": "Dega Don't",
  "Season": 1,
  "episode": 3,
  "image": "https://hotcorn-cdn.s3.amazonaws.com/wp-content/uploads/sites/5/2018/08/12145146/103a.jpg"},

  {"rank": 10,
  "name": "Make Ted Great Again",
  "Season": 2,
  "episode": 8,
  "image": "https://pixel.nymag.com/imgs/fashion/daily/2018/06/26/queer-eye/26-queer-eye-8.w600.h315.2x.jpg"},
]
